Model,LCT (%),ECHR (%),SGG (%),ACR (%),Raw Net Score,LBAS Score,Total Graded
Gemini 3,73.0,6.0,21.0,0.0,77.5,77.5,100
ChatGPT 5.2,80.0,17.0,3.0,0.0,64.5,64.5,100
Indus Sarvam,79.0,19.0,2.0,0.0,61.0,61.0,100
Grok 4.1,69.0,25.0,5.0,1.0,46.5,46.5,100
Claude Sonnet 4.6,63.0,28.000000000000004,9.0,0.0,39.5,39.5,100
DeepSeek V3.2,66.0,28.999999999999996,5.0,0.0,39.5,39.5,100
Kruti,44.0,53.0,2.0,1.0,-8.0,0.0,100
Meta AI,22.0,76.0,2.0,0.0,-53.0,0.0,100
